{"objects":[{"x":1080.0,"y":960.0,"scale":{"x":3.5999999999999952,"y":3.5999999999999952},"visible":true,"type":0.0,"spr":"bg"},{"x":1088.0,"y":1124.0,"scale":{"x":1.0999999999999994,"y":1.0999999999999994},"visible":true,"type":1.0,"spr":"player"}],"icons":["icon2","icon2"],"cameras":[{"x":1116.0,"y":960.0,"scale":1.0}]}